序号,链接,节点数
0,https://0MlkVr.absslk.xyz/693bf070ac350f1e93b03c9f2641ac89,0
1,https://WWg4xa.mcsslk.xyz/20eb14f060845116fda1a5ac435b2fe4,0
2,https://gist.githubusercontent.com/peasoft/7907a8ee2a4fa5e80cd1bd006664442c/raw/,0
3,https://gitlab.com/colloq168/nodefiltrate/-/raw/main/filtrate?ref_type=heads,164
4,https://raw.githubusercontent.com/Alvin9999/pac2/master/clash.meta2/1/config.yaml,0
5,https://raw.githubusercontent.com/Alvin9999/pac2/master/clash.meta2/13/config.yaml,0
6,https://raw.githubusercontent.com/Alvin9999/pac2/master/clash.meta2/15/config.yaml,0
7,https://raw.githubusercontent.com/Alvin9999/pac2/master/clash.meta2/2/config.yaml,0
8,https://raw.githubusercontent.com/Alvin9999/pac2/master/clash.meta2/config.yaml,0
9,https://raw.githubusercontent.com/Huibq/TrojanLinks/master/links/vmess,0
10,https://raw.githubusercontent.com/Surfboardv2ray/TGParse/main/python/hy2,0
11,https://raw.githubusercontent.com/Surfboardv2ray/TGParse/main/python/hysteria2,13
12,https://raw.githubusercontent.com/qjlxg/hy2/main/splitted/hy2,17
13,https://raw.githubusercontent.com/ripaojiedian/freenode/main/clash,21
14,https://raw.githubusercontent.com/ripaojiedian/freenode/main/sub,23
15,https://raw.githubusercontent.com/zhangkaiitugithub/passcro/main/speednodes.yaml,280

总计,,480
